{
  "initial": 1000000,
  "final": 14024.959160543693,
  "total_return": -0.9859750408394563,
  "trades": 520,
  "win_rate": 0.15576923076923077,
  "avg_return": -0.04352010288910233,
  "stop_loss_count": 211
}